Test First Name 1.0,Test Last Name 1.0,1,1,
Test First Name 1.1,Test Last Name 1.1,2,1,
Test First Name 1.2,Test Last Name 1.2,3,1,
Test First Name 1.3,Test Last Name 1.3,4,1,
Test First Name 1.4,Test Last Name 1.4,5,1,
Test First Name 1.5,Test Last Name 1.5,6,1,
Test First Name 1.6,Test Last Name 1.6,7,1,
Test First Name 1.7,Test Last Name 1.7,8,1,
Test First Name 1.8,Test Last Name 1.8,9,1,
Test First Name 1.9,Test Last Name 1.9,10,1,
Test First Name 1.10,Test Last Name 1.10,11,1,
Test First Name 1.11,Test Last Name 1.11,12,1,
Test First Name 1.12,Test Last Name 1.12,13,1,
Test First Name 1.13,Test Last Name 1.13,14,1,
Test First Name 1.14,Test Last Name 1.14,15,1,
Test First Name 1.15,Test Last Name 1.15,16,1,
Test First Name 1.16,Test Last Name 1.16,17,1,
Test First Name 1.17,Test Last Name 1.17,18,1,
Test First Name 1.18,Test Last Name 1.18,19,1,
Test First Name 1.19,Test Last Name 1.19,20,1,
Test First Name 1.20,Test Last Name 1.20,21,1,
Test First Name 1.21,Test Last Name 1.21,22,1,
Test First Name 1.22,Test Last Name 1.22,23,1,
Test First Name 1.23,Test Last Name 1.23,24,1,
Test First Name 1.24,Test Last Name 1.24,25,1,
Test First Name 1.25,Test Last Name 1.25,26,1,
Test First Name 1.26,Test Last Name 1.26,27,1,
Test First Name 1.27,Test Last Name 1.27,28,1,
Test First Name 1.28,Test Last Name 1.28,29,1,
Test First Name 1.29,Test Last Name 1.29,30,1,
Test First Name 1.30,Test Last Name 1.30,31,1,
Test First Name 1.31,Test Last Name 1.31,32,1,
Test First Name 2.0,Test Last Name 2.0,100,2,
Test First Name 2.1,Test Last Name 2.1,101,2,
Test First Name 2.2,Test Last Name 2.2,102,2,
Test First Name 2.3,Test Last Name 2.3,103,2,
Test First Name 2.4,Test Last Name 2.4,104,2,
Test First Name 2.5,Test Last Name 2.5,105,2,
Test First Name 2.6,Test Last Name 2.6,106,2,
Test First Name 2.7,Test Last Name 2.7,107,2,
Test First Name 2.8,Test Last Name 2.8,108,2,
Test First Name 2.9,Test Last Name 2.9,109,2,
Test First Name 2.10,Test Last Name 2.10,110,2,
Test First Name 2.11,Test Last Name 2.11,111,2,
Test First Name 2.12,Test Last Name 2.12,112,2,
Test First Name 2.13,Test Last Name 2.13,113,2,
Test First Name 2.14,Test Last Name 2.14,114,2,
Test First Name 2.15,Test Last Name 2.15,115,2,
Test First Name 2.16,Test Last Name 2.16,116,2,
Test First Name 2.17,Test Last Name 2.17,117,2,
Test First Name 2.18,Test Last Name 2.18,118,2,
Test First Name 2.19,Test Last Name 2.19,119,2,
Test First Name 2.20,Test Last Name 2.20,120,2,
Test First Name 2.21,Test Last Name 2.21,121,2,
Test First Name 2.22,Test Last Name 2.22,122,2,
Test First Name 2.23,Test Last Name 2.23,123,2,
Test First Name 2.24,Test Last Name 2.24,124,2,
Test First Name 2.25,Test Last Name 2.25,125,2,
Test First Name 2.26,Test Last Name 2.26,126,2,
Test First Name 2.27,Test Last Name 2.27,127,2,
Test First Name 2.28,Test Last Name 2.28,128,2,
Test First Name 2.29,Test Last Name 2.29,129,2,
Test First Name 2.30,Test Last Name 2.30,130,2,
Test First Name 2.31,Test Last Name 2.31,131,2,
Test First Name 2.32,Test Last Name 2.32,132,2,
Test First Name 2.33,Test Last Name 2.33,133,2,
Test First Name 2.34,Test Last Name 2.34,134,2,
Test First Name 2.35,Test Last Name 2.35,135,2,
Test First Name 2.36,Test Last Name 2.36,136,2,
Test First Name 2.37,Test Last Name 2.37,137,2,
Test First Name 2.38,Test Last Name 2.38,138,2,
Test First Name 2.39,Test Last Name 2.39,139,2,
Test First Name 2.40,Test Last Name 2.40,140,2,
Test First Name 2.41,Test Last Name 2.41,141,2,
Test First Name 3.0,Test Last Name 3.0,200,3,
Test First Name 3.1,Test Last Name 3.1,201,3,
Test First Name 3.2,Test Last Name 3.2,202,3,
Test First Name 3.3,Test Last Name 3.3,203,3,
Test First Name 3.4,Test Last Name 3.4,204,3,
Test First Name 3.5,Test Last Name 3.5,205,3,
Test First Name 3.6,Test Last Name 3.6,206,3,
Test First Name 3.7,Test Last Name 3.7,207,3,
Test First Name 3.8,Test Last Name 3.8,208,3,
Test First Name 3.9,Test Last Name 3.9,209,3,
Test First Name 3.10,Test Last Name 3.10,210,3,
Test First Name 3.11,Test Last Name 3.11,211,3,
Test First Name 3.12,Test Last Name 3.12,212,3,
Test First Name 3.13,Test Last Name 3.13,213,3,
Test First Name 3.14,Test Last Name 3.14,214,3,
Test First Name 3.15,Test Last Name 3.15,215,3,
Test First Name 3.16,Test Last Name 3.16,216,3,
Test First Name 3.17,Test Last Name 3.17,217,3,
Test First Name 3.18,Test Last Name 3.18,218,3,
Test First Name 3.19,Test Last Name 3.19,219,3,
Test First Name 3.20,Test Last Name 3.20,220,3,
Test First Name 3.21,Test Last Name 3.21,221,3,
Test First Name 3.22,Test Last Name 3.22,222,3,
Test First Name 3.23,Test Last Name 3.23,223,3,
Test First Name 3.24,Test Last Name 3.24,224,3,
Test First Name 3.25,Test Last Name 3.25,225,3,
Test First Name 3.26,Test Last Name 3.26,226,3,
Test First Name 3.27,Test Last Name 3.27,227,3,
Test First Name 3.28,Test Last Name 3.28,228,3,
Test First Name 3.29,Test Last Name 3.29,229,3,
Test First Name 3.30,Test Last Name 3.30,230,3,
Test First Name 3.31,Test Last Name 3.31,231,3,
Test First Name 3.32,Test Last Name 3.32,232,3,
Test First Name 3.33,Test Last Name 3.33,233,3,
Test First Name 3.34,Test Last Name 3.34,234,3,
Test First Name 3.35,Test Last Name 3.35,235,3,
Test First Name 3.36,Test Last Name 3.36,236,3,
Test First Name 3.37,Test Last Name 3.37,237,3,
Test First Name 3.38,Test Last Name 3.38,238,3,
Test First Name 3.39,Test Last Name 3.39,239,3,
Test First Name 3.40,Test Last Name 3.40,240,3,
Test First Name 3.41,Test Last Name 3.41,241,3,
Test First Name 3.42,Test Last Name 3.42,242,3,
Test First Name 4.0,Test Last Name 4.0,300,4,
Test First Name 4.1,Test Last Name 4.1,301,4,
Test First Name 4.2,Test Last Name 4.2,302,4,
Test First Name 4.3,Test Last Name 4.3,303,4,
Test First Name 4.4,Test Last Name 4.4,304,4,
Test First Name 4.5,Test Last Name 4.5,305,4,
Test First Name 4.6,Test Last Name 4.6,306,4,
Test First Name 4.7,Test Last Name 4.7,307,4,
Test First Name 4.8,Test Last Name 4.8,308,4,
Test First Name 4.9,Test Last Name 4.9,309,4,
Test First Name 4.10,Test Last Name 4.10,310,4,
Test First Name 4.11,Test Last Name 4.11,311,4,
Test First Name 4.12,Test Last Name 4.12,312,4,
Test First Name 4.13,Test Last Name 4.13,313,4,
Test First Name 4.14,Test Last Name 4.14,314,4,
Test First Name 4.15,Test Last Name 4.15,315,4,
Test First Name 4.16,Test Last Name 4.16,316,4,
Test First Name 4.17,Test Last Name 4.17,317,4,
Test First Name 4.18,Test Last Name 4.18,318,4,
Test First Name 4.19,Test Last Name 4.19,319,4,
Test First Name 4.20,Test Last Name 4.20,320,4,
Test First Name 4.21,Test Last Name 4.21,321,4,
Test First Name 4.22,Test Last Name 4.22,322,4,
Test First Name 4.23,Test Last Name 4.23,323,4,
Test First Name 4.24,Test Last Name 4.24,324,4,
Test First Name 4.25,Test Last Name 4.25,325,4,
Test First Name 4.26,Test Last Name 4.26,326,4,
Test First Name 4.27,Test Last Name 4.27,327,4,
Test First Name 4.28,Test Last Name 4.28,328,4,
Test First Name 4.29,Test Last Name 4.29,329,4,
Test First Name 4.30,Test Last Name 4.30,330,4,
Test First Name 4.31,Test Last Name 4.31,331,4,
Test First Name 4.32,Test Last Name 4.32,332,4,
Test First Name 4.33,Test Last Name 4.33,333,4,
Test First Name 4.34,Test Last Name 4.34,334,4,
Test First Name 4.35,Test Last Name 4.35,335,4,
Test First Name 4.36,Test Last Name 4.36,336,4,
Test First Name 4.37,Test Last Name 4.37,337,4,
Test First Name 4.38,Test Last Name 4.38,338,4,
Test First Name 4.39,Test Last Name 4.39,339,4,
Test First Name 4.40,Test Last Name 4.40,340,4,
Test First Name 4.41,Test Last Name 4.41,341,4,
Test First Name 4.42,Test Last Name 4.42,342,4,
Test First Name 4.43,Test Last Name 4.43,343,4,
Test First Name 4.44,Test Last Name 4.44,344,4,
Test First Name 4.45,Test Last Name 4.45,345,4,
Test First Name 5.0,Test Last Name 5.0,400,5,
Test First Name 5.1,Test Last Name 5.1,401,5,
Test First Name 5.2,Test Last Name 5.2,402,5,
Test First Name 5.3,Test Last Name 5.3,403,5,
Test First Name 5.4,Test Last Name 5.4,404,5,
Test First Name 5.5,Test Last Name 5.5,405,5,
Test First Name 5.6,Test Last Name 5.6,406,5,
Test First Name 5.7,Test Last Name 5.7,407,5,
Test First Name 5.8,Test Last Name 5.8,408,5,
Test First Name 5.9,Test Last Name 5.9,409,5,
Test First Name 5.10,Test Last Name 5.10,410,5,
Test First Name 5.11,Test Last Name 5.11,411,5,
Test First Name 5.12,Test Last Name 5.12,412,5,
Test First Name 5.13,Test Last Name 5.13,413,5,
Test First Name 5.14,Test Last Name 5.14,414,5,
Test First Name 5.15,Test Last Name 5.15,415,5,
Test First Name 5.16,Test Last Name 5.16,416,5,
Test First Name 5.17,Test Last Name 5.17,417,5,
Test First Name 5.18,Test Last Name 5.18,418,5,
Test First Name 5.19,Test Last Name 5.19,419,5,
Test First Name 5.20,Test Last Name 5.20,420,5,
Test First Name 5.21,Test Last Name 5.21,421,5,
Test First Name 5.22,Test Last Name 5.22,422,5,
Test First Name 5.23,Test Last Name 5.23,423,5,
Test First Name 5.24,Test Last Name 5.24,424,5,
Test First Name 5.25,Test Last Name 5.25,425,5,
Test First Name 5.26,Test Last Name 5.26,426,5,
Test First Name 5.27,Test Last Name 5.27,427,5,
Test First Name 5.28,Test Last Name 5.28,428,5,
Test First Name 5.29,Test Last Name 5.29,429,5,
Test First Name 5.30,Test Last Name 5.30,430,5,
Test First Name 5.31,Test Last Name 5.31,431,5,
Test First Name 5.32,Test Last Name 5.32,432,5,
Test First Name 5.33,Test Last Name 5.33,433,5,
Test First Name 5.34,Test Last Name 5.34,434,5,
Test First Name 5.35,Test Last Name 5.35,435,5,
Test First Name 5.36,Test Last Name 5.36,436,5,
Test First Name 5.37,Test Last Name 5.37,437,5,
Test First Name 5.38,Test Last Name 5.38,438,5,
Test First Name 5.39,Test Last Name 5.39,439,5,
Test First Name 5.40,Test Last Name 5.40,440,5,
Test First Name 5.41,Test Last Name 5.41,441,5,
Test First Name 5.42,Test Last Name 5.42,442,5,
Test First Name 5.43,Test Last Name 5.43,443,5,
Test First Name 6.0,Test Last Name 6.0,5000,6,
Test First Name 6.1,Test Last Name 6.1,5001,6,
Test First Name 6.2,Test Last Name 6.2,5002,6,
Test First Name 6.3,Test Last Name 6.3,5003,6,
Test First Name 6.4,Test Last Name 6.4,5004,6,
Test First Name 6.5,Test Last Name 6.5,5005,6,
Test First Name 6.6,Test Last Name 6.6,5006,6,
Test First Name 6.7,Test Last Name 6.7,5007,6,
Test First Name 6.8,Test Last Name 6.8,5008,6,
Test First Name 6.9,Test Last Name 6.9,5009,6,
Test First Name 6.10,Test Last Name 6.10,5010,6,
Test First Name 6.11,Test Last Name 6.11,5011,6,
Test First Name 6.12,Test Last Name 6.12,5012,6,
Test First Name 6.13,Test Last Name 6.13,5013,6,
Test First Name 6.14,Test Last Name 6.14,5014,6,
Test First Name 6.15,Test Last Name 6.15,5015,6,
Test First Name 6.16,Test Last Name 6.16,5016,6,
Test First Name 6.17,Test Last Name 6.17,5017,6,
Test First Name 6.18,Test Last Name 6.18,5018,6,
Test First Name 6.19,Test Last Name 6.19,5019,6,
Test First Name 6.20,Test Last Name 6.20,5020,6,
Test First Name 6.21,Test Last Name 6.21,5021,6,
Test First Name 6.22,Test Last Name 6.22,5022,6,
Test First Name 6.23,Test Last Name 6.23,5023,6,
Test First Name 6.24,Test Last Name 6.24,5024,6,
Test First Name 6.25,Test Last Name 6.25,5025,6,
Test First Name 6.26,Test Last Name 6.26,5026,6,
Test First Name 6.27,Test Last Name 6.27,5027,6,
Test First Name 6.28,Test Last Name 6.28,5028,6,
Test First Name 6.29,Test Last Name 6.29,5029,6,
Test First Name 6.30,Test Last Name 6.30,5030,6,
Test First Name 6.31,Test Last Name 6.31,5031,6,
Test First Name 6.32,Test Last Name 6.32,5032,6,
Test First Name 6.33,Test Last Name 6.33,5033,6,
Test First Name 6.34,Test Last Name 6.34,5034,6,
Test First Name 6.35,Test Last Name 6.35,5035,6,
Test First Name 6.36,Test Last Name 6.36,5036,6,
Test First Name 6.37,Test Last Name 6.37,5037,6,
Test First Name 6.38,Test Last Name 6.38,5038,6,
Test First Name 6.39,Test Last Name 6.39,5039,6,
Test First Name 6.40,Test Last Name 6.40,5040,6,
Test First Name 6.41,Test Last Name 6.41,5041,6,
Test First Name 6.42,Test Last Name 6.42,5042,6,
Test First Name 7.0,Test Last Name 7.0,5100,7,
Test First Name 7.1,Test Last Name 7.1,5101,7,
Test First Name 7.2,Test Last Name 7.2,5102,7,
Test First Name 7.3,Test Last Name 7.3,5103,7,
Test First Name 7.4,Test Last Name 7.4,5104,7,
Test First Name 7.5,Test Last Name 7.5,5105,7,
Test First Name 7.6,Test Last Name 7.6,5106,7,
Test First Name 7.7,Test Last Name 7.7,5107,7,
Test First Name 7.8,Test Last Name 7.8,5108,7,
Test First Name 7.9,Test Last Name 7.9,5109,7,
Test First Name 7.10,Test Last Name 7.10,5110,7,
Test First Name 7.11,Test Last Name 7.11,5111,7,
Test First Name 7.12,Test Last Name 7.12,5112,7,
Test First Name 7.13,Test Last Name 7.13,5113,7,
Test First Name 7.14,Test Last Name 7.14,5114,7,
Test First Name 7.15,Test Last Name 7.15,5115,7,
Test First Name 7.16,Test Last Name 7.16,5116,7,
Test First Name 7.17,Test Last Name 7.17,5117,7,
Test First Name 7.18,Test Last Name 7.18,5118,7,
Test First Name 7.19,Test Last Name 7.19,5119,7,
Test First Name 7.20,Test Last Name 7.20,5120,7,
Test First Name 7.21,Test Last Name 7.21,5121,7,
Test First Name 7.22,Test Last Name 7.22,5122,7,
Test First Name 7.23,Test Last Name 7.23,5123,7,
Test First Name 7.24,Test Last Name 7.24,5124,7,
Test First Name 7.25,Test Last Name 7.25,5125,7,
Test First Name 7.26,Test Last Name 7.26,5126,7,
Test First Name 7.27,Test Last Name 7.27,5127,7,
Test First Name 7.28,Test Last Name 7.28,5128,7,
Test First Name 7.29,Test Last Name 7.29,5129,7,
Test First Name 7.30,Test Last Name 7.30,5130,7,
Test First Name 7.31,Test Last Name 7.31,5131,7,
Test First Name 7.32,Test Last Name 7.32,5132,7,
Test First Name 7.33,Test Last Name 7.33,5133,7,
Test First Name 7.34,Test Last Name 7.34,5134,7,
Test First Name 7.35,Test Last Name 7.35,5135,7,
Test First Name 7.36,Test Last Name 7.36,5136,7,
Test First Name 7.37,Test Last Name 7.37,5137,7,
Test First Name 7.38,Test Last Name 7.38,5138,7,
Test First Name 7.39,Test Last Name 7.39,5139,7,
Test First Name 7.40,Test Last Name 7.40,5140,7,
Test First Name 7.41,Test Last Name 7.41,5141,7,
Test First Name 7.42,Test Last Name 7.42,5142,7,
Test First Name 7.43,Test Last Name 7.43,5143,7,
Test First Name 7.44,Test Last Name 7.44,5144,7,
Test First Name 7.45,Test Last Name 7.45,5145,7,
Test First Name 7.46,Test Last Name 7.46,5146,7,
Test First Name 7.47,Test Last Name 7.47,5147,7,
Test First Name 7.48,Test Last Name 7.48,5148,7,
Test First Name 7.49,Test Last Name 7.49,5149,7,
Test First Name 7.50,Test Last Name 7.50,5150,7,
Test First Name 7.51,Test Last Name 7.51,5151,7,
Test First Name 8.0,Test Last Name 8.0,5200,8,
Test First Name 8.1,Test Last Name 8.1,5201,8,
Test First Name 8.2,Test Last Name 8.2,5202,8,
Test First Name 8.3,Test Last Name 8.3,5203,8,
Test First Name 8.4,Test Last Name 8.4,5204,8,
Test First Name 8.5,Test Last Name 8.5,5205,8,
Test First Name 8.6,Test Last Name 8.6,5206,8,
Test First Name 8.7,Test Last Name 8.7,5207,8,
Test First Name 8.8,Test Last Name 8.8,5208,8,
Test First Name 8.9,Test Last Name 8.9,5209,8,
Test First Name 8.10,Test Last Name 8.10,5210,8,
Test First Name 8.11,Test Last Name 8.11,5211,8,
Test First Name 8.12,Test Last Name 8.12,5212,8,
Test First Name 8.13,Test Last Name 8.13,5213,8,
Test First Name 8.14,Test Last Name 8.14,5214,8,
Test First Name 8.15,Test Last Name 8.15,5215,8,
Test First Name 8.16,Test Last Name 8.16,5216,8,
Test First Name 8.17,Test Last Name 8.17,5217,8,
Test First Name 8.18,Test Last Name 8.18,5218,8,
Test First Name 8.19,Test Last Name 8.19,5219,8,
Test First Name 8.20,Test Last Name 8.20,5220,8,
Test First Name 8.21,Test Last Name 8.21,5221,8,
Test First Name 8.22,Test Last Name 8.22,5222,8,
Test First Name 8.23,Test Last Name 8.23,5223,8,
Test First Name 8.24,Test Last Name 8.24,5224,8,
Test First Name 8.25,Test Last Name 8.25,5225,8,
Test First Name 8.26,Test Last Name 8.26,5226,8,
Test First Name 8.27,Test Last Name 8.27,5227,8,
Test First Name 8.28,Test Last Name 8.28,5228,8,
Test First Name 8.29,Test Last Name 8.29,5229,8,
Test First Name 8.30,Test Last Name 8.30,5230,8,
Test First Name 8.31,Test Last Name 8.31,5231,8,
Test First Name 8.32,Test Last Name 8.32,5232,8,
Test First Name 8.33,Test Last Name 8.33,5233,8,
Test First Name 8.34,Test Last Name 8.34,5234,8,
Test First Name 8.35,Test Last Name 8.35,5235,8,
Test First Name 8.36,Test Last Name 8.36,5236,8,
Test First Name 8.37,Test Last Name 8.37,5237,8,
Test First Name 8.38,Test Last Name 8.38,5238,8,
Test First Name 8.39,Test Last Name 8.39,5239,8,
Test First Name 8.40,Test Last Name 8.40,5240,8,
Test First Name 8.41,Test Last Name 8.41,5241,8,
Test First Name 8.42,Test Last Name 8.42,5242,8,
Test First Name 8.43,Test Last Name 8.43,5243,8,
Test First Name 8.44,Test Last Name 8.44,5244,8,
Test First Name 8.45,Test Last Name 8.45,5245,8,
Test First Name 8.46,Test Last Name 8.46,5246,8,
Test First Name 8.47,Test Last Name 8.47,5247,8,
Test First Name 8.48,Test Last Name 8.48,5248,8,
Test First Name 8.49,Test Last Name 8.49,5249,8,
Test First Name 8.50,Test Last Name 8.50,5250,8,
Test First Name 8.51,Test Last Name 8.51,5251,8,
Test First Name 8.52,Test Last Name 8.52,5252,8,